rank,title,category,score,need_confidence,signals,sources,keywords,summary,evidence_urls,demand,competition,competition_contrib,difficulty,difficulty_contrib,monetization,urgency,market_size,time_to_revenue,trend,defensibility,viral,regulatory_risk,regulatory_risk_contrib
1,GapFinder AI: I wish there was a daily digest of unmet SaaS needs from social,devtools,65.28,0.9973,1,product_hunt,"gapfinder,ai,wish,there,daily,digest,unmet,saas","1 signals across product_hunt. Top keywords: gapfinder, ai, wish, there, daily. Need-confidence=1.00.",https://www.producthunt.com/,10.0,2.8,8.2,5.4,5.6,9.5,4.53,5.6,7.05,7.1,3.5,4.1,2.0,9.0
2,Looking for an alternative to HubSpot that doesn't force a sales suite,productivity,64.45,0.9956,1,g2,"looking,alternative,hubspot,doesn,force,sales,suite,pay","1 signals across g2. Top keywords: looking, alternative, hubspot, doesn, force. Need-confidence=1.00.",https://www.g2.com/,10.0,2.8,8.2,5.4,5.6,9.0,4.46,4.8,7.05,8.2,4.5,3.0,2.0,9.0
3,I wish there was a Chrome extension that batches LinkedIn outreach without getting banned,general,63.44,0.9991,1,chrome_web_store,"wish,there,chrome,extension,batches,linkedin,outreach,without","1 signals across chrome_web_store. Top keywords: wish, there, chrome, extension, batches. Need-confidence=1.00.",https://chromewebstore.google.com/,10.0,2.0,9.0,2.7,8.3,7.3,4.32,4.1,8.92,6.0,3.5,3.0,2.0,9.0
4,Why isn't there a lightweight alternative to Jira for 5-person teams?,general,61.61,0.9994,1,g2,"why,isn,there,lightweight,alternative,jira,person,teams","1 signals across g2. Top keywords: why, isn, there, lightweight, alternative. Need-confidence=1.00.",https://www.g2.com/,10.0,2.8,8.2,4.5,6.5,7.1,4.53,5.9,4.88,6.0,3.5,4.1,2.0,9.0
5,ReviewGap: Why isn't there an app that mines 1-star App Store reviews for feature gaps?,devtools,61.13,0.9934,1,product_hunt,"feature,reviewgap,why,isn,there,mines,star,store","1 signals across product_hunt. Top keywords: feature, reviewgap, why, isn, there. Need-confidence=0.99.",https://www.producthunt.com/,10.0,2.0,9.0,5.4,5.6,8.1,4.41,4.7,5.85,7.1,3.5,3.0,2.0,9.0
6,Looking for an alternative to manual competitor research before building SaaS,devtools,61.09,0.9976,1,indie_hackers,"looking,alternative,manual,competitor,research,building,saas,wish","1 signals across indie_hackers. Top keywords: looking, alternative, manual, competitor, research. Need-confidence=1.00.",https://www.indiehackers.com/,10.0,4.4,6.6,5.4,5.6,9.5,4.34,4.7,7.05,7.1,3.5,3.0,2.0,9.0
7,Make frameworkless site options less restrictive,gaming,61.04,0.9633,1,github,"frameworkless,site,options,less,restrictive,hi,think,there","1 signals across github. Top keywords: frameworkless, site, options, less, restrictive. Need-confidence=0.96.",https://github.com/lerd-env/lerd/issues/2084,9.07,2.0,9.0,2.8,8.2,3.6,4.06,4.6,5.3,7.1,4.7,6.0,2.0,9.0
8,I wish there was a fully offline habit tracker without accounts on Android,gaming,60.17,0.9619,1,google_play,"wish,there,fully,offline,habit,tracker,without,accounts","1 signals across google_play. Top keywords: wish, there, fully, offline, habit. Need-confidence=0.96.",https://play.google.com/store/apps,10.0,2.0,9.0,5.4,5.6,6.0,4.43,4.6,5.85,7.1,3.5,3.8,2.0,9.0
9,Seeking 3 pilot users: turn an agent incident into a CI regression check,devtools,59.21,0.9435,1,github,"agent,pilot,users,turn,incident,ci,regression,check","1 signals across github. Top keywords: agent, pilot, users, turn, incident. Need-confidence=0.94.",https://github.com/myfastcat/ACP/issues/3,10.0,2.0,9.0,6.6,4.4,4.5,4.35,5.6,4.35,6.2,6.9,4.1,2.0,9.0
10,Somebody make a Chrome extension that turns 1-star reviews into a roadmap,general,58.97,0.995,1,indie_hackers,"somebody,chrome,extension,turns,star,reviews,roadmap,good","1 signals across indie_hackers. Top keywords: somebody, chrome, extension, turns, star. Need-confidence=0.99.",https://www.indiehackers.com/,10.0,2.0,9.0,2.7,8.3,3.5,4.28,5.0,6.53,7.1,3.5,3.0,2.0,9.0
11,Somebody make a family shared budget app that doesn't sell my data,fintech,58.72,0.9953,1,google_play,"somebody,family,shared,budget,doesn,sell,data,good","1 signals across google_play. Top keywords: somebody, family, shared, budget, doesn. Need-confidence=1.00.",https://play.google.com/store/apps,10.0,2.0,9.0,4.5,6.5,4.8,4.37,5.9,4.88,7.1,3.5,4.1,4.8,6.2
12,"[Discussion] JIT performance guidance for a modular Dart backend framework: startup, reload, and isolate scaling",gaming,58.21,0.7109,1,github,"modular,dart,backend,framework,jetleaf,discussion,jit,performance","1 signals across github. Top keywords: modular, dart, backend, framework, jetleaf. Need-confidence=0.71.",https://github.com/dart-lang/sdk/issues/64467,7.07,2.0,9.0,6.6,4.4,6.2,4.0,5.5,4.35,5.0,6.9,4.9,2.0,9.0
13,Unmet need: 社保要交吗 / 背景 / 刚毕业大学生 / 来到一家小公司 / 部就三四个人那种 / 做全栈,ai,57.64,0.583,1,v2ex,"社保要交吗,背景,刚毕业大学生,来到一家小公司,部就三四个人那种,做全栈,agent,开发","1 signals across v2ex. Top keywords: 社保要交吗, 背景, 刚毕业大学生, 来到一家小公司, 部就三四个人那种. Need-confidence=0.58.",https://www.v2ex.com/t/1246458,9.17,2.0,9.0,4.5,6.5,4.3,4.26,4.9,4.88,7.1,3.5,3.8,2.0,9.0
14,Ask HN: Who wants to be hired? (October 2026),devtools,57.35,0.6946,1,hackernews,"looking,please,pre,code,ask,hn,who,wants","1 signals across hackernews. Top keywords: looking, please, pre, code, ask. Need-confidence=0.69.",https://news.ycombinator.com/item?id=49922568,10.0,2.0,9.0,5.4,5.6,4.5,4.84,4.7,4.65,6.1,3.5,4.1,2.0,9.0
15,Improper redaction reveals Google Data Center water and electricity usage,devtools,57.0,0.5451,1,hackernews,"improper,redaction,reveals,google,data,center,water,electricity","1 signals across hackernews. Top keywords: improper, redaction, reveals, google, data. Need-confidence=0.55.",https://www.1011now.com/2026/09/30/more-questions-than-answers-about-lincolns-google-data-center-water-electricity-usage/,10.0,2.0,9.0,4.5,6.5,4.5,4.79,4.7,4.88,6.0,3.5,3.0,2.0,9.0
16,Tell HN: Bob Cringely has died,devtools,56.88,0.6601,1,hackernews,"bob,his,early,tell,hn,cringely,died,heard","1 signals across hackernews. Top keywords: bob, his, early, tell, hn. Need-confidence=0.66.",https://news.ycombinator.com/item?id=49949438,10.0,2.0,9.0,4.5,6.5,4.5,4.68,4.7,4.88,6.0,3.5,3.0,2.0,9.0
17,Ask HN: Email leaked while traveling abroad?,devtools,56.8,0.6729,1,hackernews,"email,visited,ask,hn,leaked,while,traveling,abroad","1 signals across hackernews. Top keywords: email, visited, ask, hn, leaked. Need-confidence=0.67.",https://news.ycombinator.com/item?id=49924570,10.0,2.0,9.0,5.4,5.6,4.5,5.63,4.7,4.65,6.1,3.5,3.0,2.0,9.0
18,fix(judges): let a read-only judge read files through its sandboxed shell,gaming,56.48,0.9525,1,github,"read,only,judge,fix,judges,let,files,through","1 signals across github. Top keywords: read, only, judge, fix, judges. Need-confidence=0.95.",https://github.com/nickderobertis/onejudge/issues/137,7.08,2.0,9.0,3.6,7.4,3.6,3.9,4.6,5.1,9.3,3.5,3.8,2.0,9.0
19,Probe: render the Deals framing variants on real rows,devtools,56.2,0.7401,1,github,"probe,render,deals,framing,variants,real,rows,context","1 signals across github. Top keywords: probe, render, deals, framing, variants. Need-confidence=0.74.",https://github.com/chase-sets/chase-sets/issues/7899,9.16,2.0,9.0,5.4,5.6,4.5,4.21,5.6,4.65,5.1,3.5,4.1,2.0,9.0
20,Ask HN: What are you reading?,devtools,56.12,0.659,1,hackernews,"ask,hn,what,reading,plowing,through,dungeon,crawler","1 signals across hackernews. Top keywords: ask, hn, what, reading, plowing. Need-confidence=0.66.",https://news.ycombinator.com/item?id=49893157,10.0,2.0,9.0,5.4,5.6,4.5,4.92,4.7,4.65,6.1,3.5,3.0,2.0,9.0
21,Pico CSS is no longer maintained (final release v2.1.1),devtools,55.91,0.6013,1,hackernews,"css,maintained,https,blades,pico,longer,final,release","1 signals across hackernews. Top keywords: css, maintained, https, blades, pico. Need-confidence=0.60.",https://news.ycombinator.com/item?id=49950772,7.91,2.0,9.0,6.3,4.7,4.5,4.11,4.7,4.42,7.1,4.7,4.1,2.0,9.0
22,IndieStack Audit: Somebody make a tool that rates idea competition before you build,general,55.72,0.9986,1,product_hunt,"competition,build,indiestack,audit,somebody,rates,idea,good","1 signals across product_hunt. Top keywords: competition, build, indiestack, audit, somebody. Need-confidence=1.00.",https://www.producthunt.com/,10.0,2.8,8.2,4.5,6.5,3.5,4.46,5.0,4.88,7.1,3.5,3.0,2.0,9.0
23,feat(YouTube): Add 'Block channel using keyword' flyout menu option to search results,devtools,55.68,0.4846,1,github,"block,channel,easier,feat,youtube,add,using,keyword","1 signals across github. Top keywords: block, channel, easier, feat, youtube. Need-confidence=0.48.",https://github.com/MorpheApp/morphe-patches/issues/798,8.56,2.0,9.0,3.6,7.4,4.5,4.27,4.7,5.1,5.1,3.5,3.0,2.0,9.0
24,申请上架 Play Store 要求招募测试人员参与封闭测试，有兄弟帮忙测一下吗,ai,55.49,0.6015,1,v2ex,"play,com,store,carva,https,google,申请上架,要求招募测试人员参与封闭测试","1 signals across v2ex. Top keywords: play, com, store, carva, https. Need-confidence=0.60.",https://www.v2ex.com/t/1246453,7.91,2.0,9.0,5.4,5.6,4.3,4.11,4.9,4.65,7.1,3.5,3.8,2.0,9.0
25,"[开源推广] Oh-My-CPA: 更现代的 CPA 管理面板,原生移动端 / MCP Agent / 完整 CPAMC 体验",devtools,55.2,0.6184,1,v2ex,"cpa,oh,https,开源推广,更现代的,管理面板,原生移动端,mcp","1 signals across v2ex. Top keywords: cpa, oh, https, 开源推广, 更现代的. Need-confidence=0.62.",https://www.v2ex.com/t/1246432,6.9,2.0,9.0,5.7,5.3,4.5,4.0,4.7,4.58,8.2,3.5,4.1,2.0,9.0
26,Ask HN: What are you reading to your kids?,devtools,55.08,0.6964,1,hackernews,"what,reading,other,books,ask,hn,kids,inspired","1 signals across hackernews. Top keywords: what, reading, other, books, ask. Need-confidence=0.70.",https://news.ycombinator.com/item?id=49906563,10.0,2.0,9.0,4.5,6.5,4.5,4.41,4.7,4.88,5.0,3.5,3.0,3.3,7.7
27,"Granola Alternative for iphone and watch, free and on-device",mobile,54.97,0.6561,1,hackernews,"granola,alternative,iphone,watch,free,device","1 signals across hackernews. Top keywords: granola, alternative, iphone, watch, free. Need-confidence=0.66.",https://dictate.donado.co/,7.11,2.0,9.0,4.5,6.5,3.8,4.0,4.8,4.88,7.1,3.5,3.8,2.0,9.0
28,"Headless B2B quoting, invoicing, and payments engine",fintech,54.76,0.4817,1,hackernews,"headless,quoting,invoicing,payments,engine","1 signals across hackernews. Top keywords: headless, quoting, invoicing, payments, engine. Need-confidence=0.48.",https://cordhq.app/,5.32,2.0,9.0,6.3,4.7,7.4,3.9,5.0,5.62,6.0,4.5,3.0,3.5,7.5
29,Turn off Apple Intelligence on macOS 27 and get its disk space back,general,54.74,0.5313,1,hackernews,"turn,off,apple,intelligence,macos,its,disk,space","1 signals across hackernews. Top keywords: turn, off, apple, intelligence, macos. Need-confidence=0.53.",https://github.com/omlahore/RemoveMacAI,10.0,2.0,9.0,4.5,6.5,3.5,4.74,4.1,4.88,6.0,3.5,3.0,2.0,9.0
30,Chapters navigation,devtools,54.61,0.8919,1,github,"issues,sure,there,existing,https,github,com,fossifyorg","1 signals across github. Top keywords: issues, sure, there, existing, https. Need-confidence=0.89.",https://github.com/FossifyOrg/Documents/issues/77,6.75,2.0,9.0,2.8,8.2,4.5,3.9,4.7,5.3,5.1,3.5,3.0,2.0,9.0
31,"navigation: a recorded tool call is never withdrawn on failure or consumed on match, so edges are labelled with the wrong tool call and navi",devtools,54.6,0.949,1,github,"call,navigation,recorded,wrong,never,withdrawn,failure,consumed","1 signals across github. Top keywords: call, navigation, recorded, wrong, never. Need-confidence=0.95.",https://github.com/kaeawc/auto-mobile/issues/9463,7.06,2.0,9.0,4.6,6.4,4.5,3.9,4.7,4.85,7.1,3.5,3.0,2.0,9.0
32,Add evidence-backed evaluation grading,gaming,54.5,0.6627,1,github,"add,evidence,backed,evaluation,grading,retained,attempts,through","1 signals across github. Top keywords: add, evidence, backed, evaluation, grading. Need-confidence=0.66.",https://github.com/kninetimmy/orch/pull/319,5.48,2.0,9.0,4.5,6.5,3.6,3.9,4.6,4.88,8.2,3.5,4.9,2.0,9.0
33,feat(media): import a local audio or video file as a mono 48 khz wav,devtools,54.43,0.741,1,github,"import,audio,meeting,feat,media,local,video,file","1 signals across github. Top keywords: import, audio, meeting, feat, media. Need-confidence=0.74.",https://github.com/augusto-dmh/fala/pull/39,5.92,2.0,9.0,3.8,7.2,4.5,3.9,4.7,5.05,7.1,3.5,3.0,2.0,9.0
34,Feature Request: Ability to reverse pan and orbit shortcut,gaming,54.04,0.6765,1,github,"mmb,pan,orbit,reverse,sketchup,shift,feature,request","1 signals across github. Top keywords: mmb, pan, orbit, reverse, sketchup. Need-confidence=0.68.",https://github.com/ingelibre/ingetrazo/issues/373,7.49,2.0,9.0,4.5,6.5,3.6,4.06,4.6,4.88,6.0,3.5,3.8,2.0,9.0
35,Add optional system-tray mode for quick access,gaming,53.9,0.7017,1,github,"fsearch,quick,thank,add,optional,system,tray,mode","1 signals across github. Top keywords: fsearch, quick, thank, add, optional. Need-confidence=0.70.",https://github.com/cboxdoerfer/fsearch/issues/748,7.36,2.0,9.0,6.6,4.4,3.6,5.3,4.6,4.35,5.1,5.7,3.8,2.0,9.0
36,久坐提醒，有没有啥好的方案，能让自己站起来？,general,53.81,0.5377,1,v2ex,"久坐提醒,有没有啥好的方案,能让自己站起来,手环,电脑提醒,好像效果不好,直接关闭了,有没有啥好的方法","1 signals across v2ex. Top keywords: 久坐提醒, 有没有啥好的方案, 能让自己站起来, 手环, 电脑提醒. Need-confidence=0.54.",https://www.v2ex.com/t/1246459,9.22,2.0,9.0,4.5,6.5,3.5,4.3,4.1,4.88,6.0,3.5,3.0,2.0,9.0
37,Feature Requests for Today,devtools,53.62,0.6735,1,github,"car,best,per,feature,requests,today,self,show","1 signals across github. Top keywords: car, best, per, feature, requests. Need-confidence=0.67.",https://github.com/ampp33/wreckfest-race-log/issues/7,7.48,2.0,9.0,4.6,6.4,4.5,4.06,4.7,4.85,5.1,3.5,3.0,2.0,9.0
38,Feature Request: Missions from Journal,gaming,53.55,0.5127,1,github,"feature,request,missions,lot,characters,journal,having,doing","1 signals across github. Top keywords: feature, request, missions, lot, characters. Need-confidence=0.51.",https://github.com/esi/esi-issues/issues/513,7.91,2.0,9.0,5.4,5.6,3.6,4.14,4.6,4.65,6.2,3.5,3.8,2.0,9.0
39,Why Linux is picking up at a rapid pace for AI usage?,devtools,53.3,0.5206,1,hackernews,"why,linux,picking,rapid,pace,ai,usage","1 signals across hackernews. Top keywords: why, linux, picking, rapid, pace. Need-confidence=0.52.",https://news.ycombinator.com/item?id=49954166,8.24,2.0,9.0,6.6,4.4,4.5,4.21,4.7,4.35,7.1,3.5,3.0,2.0,9.0
40,Request: add toggle for finger steering indicator,gaming,53.29,0.6949,1,github,"request,indicator,add,toggle,finger,steering,hi,small","1 signals across github. Top keywords: request, indicator, add, toggle, finger. Need-confidence=0.69.",https://github.com/PubDeer/astro-loop/issues/52,7.59,2.0,9.0,4.5,6.5,3.6,4.06,4.6,4.88,5.0,3.5,3.8,2.0,9.0
41,feature_request: tack settings for groups,devtools,53.23,0.6433,1,github,"settings,groups,group,signers,feature,request,tack,having","1 signals across github. Top keywords: settings, groups, group, signers, feature. Need-confidence=0.64.",https://github.com/manic-systems/tack/issues/148,7.31,2.0,9.0,5.4,5.6,4.5,4.0,4.7,4.65,6.0,3.5,3.0,2.0,9.0
42,"I want to like this mod, but",gaming,52.83,0.6806,1,github,"camera,object,mod,wish,there,option,disable,rotation","1 signals across github. Top keywords: camera, object, mod, wish, there. Need-confidence=0.68.",https://github.com/doofy-dev/superflight_vr/issues/2,8.22,2.0,9.0,4.5,6.5,3.6,4.14,4.6,4.88,4.0,3.5,3.8,2.0,9.0
43,Add evidence-backed evaluation grading,gaming,52.66,0.6973,1,github,"evidence,backed,evaluation,add,grading,objective,allow,trusted","1 signals across github. Top keywords: evidence, backed, evaluation, add, grading. Need-confidence=0.70.",https://github.com/kninetimmy/orch/issues/318,5.67,2.0,9.0,5.4,5.6,3.6,3.9,4.6,4.65,8.2,3.5,3.8,2.0,9.0
44,"[Workstream] CPP task family: truthful security coverage, unavailable scanners and safe findings",productivity,51.91,0.5847,1,github,"workstream,task,cpp,family,truthful,security,coverage,unavailable","1 signals across github. Top keywords: workstream, task, cpp, family, truthful. Need-confidence=0.58.",https://github.com/cooneycw/skillc/issues/255,5.06,2.0,9.0,5.4,5.6,4.0,3.9,4.8,4.65,8.2,3.5,3.0,2.0,9.0
45,Feature request: Ghost mode :),gaming,51.87,0.6628,1,github,"link,feature,request,ghost,mode,blos,brlos,uncommon","1 signals across github. Top keywords: link, feature, request, ghost, mode. Need-confidence=0.66.",https://github.com/mavlink/qgroundcontrol/issues/4555,8.36,2.0,9.0,6.3,4.7,3.6,4.17,4.6,4.42,5.1,3.5,3.8,2.0,9.0
46,test: harden project boundary coverage batch A,health,51.82,0.6475,1,github,"project,coverage,test,harden,boundary,batch,only,hardening","1 signals across github. Top keywords: project, coverage, test, harden, boundary. Need-confidence=0.65.",https://github.com/Mohammad8917/MarketDataOrchestrator/pull/368,5.4,2.0,9.0,4.5,6.5,3.9,3.9,5.6,4.88,6.0,3.5,3.0,3.5,7.5
47,针对 icp 备案查询的 Chrome 扩展，有需求吗,devtools,51.62,0.5443,1,v2ex,"icp,chrome,扩展,针对,备案查询的,有需求吗,各位大佬好,现在","1 signals across v2ex. Top keywords: icp, chrome, 扩展, 针对, 备案查询的. Need-confidence=0.54.",https://www.v2ex.com/t/1246457,4.83,2.0,9.0,4.7,6.3,4.5,3.9,4.7,4.83,6.0,3.5,3.0,2.0,9.0
48,Apple M5 and M6 chip die analysis,general,51.43,0.4945,1,hackernews,"apple,chip,die,analysis","1 signals across hackernews. Top keywords: apple, chip, die, analysis. Need-confidence=0.49.",https://www.youtube.com/watch?v=uA7WLmlg1kM,7.44,2.0,9.0,5.4,5.6,3.5,4.14,4.1,4.65,6.0,3.5,3.0,2.0,9.0
49,做了一个 Poople 练习站，没有每天一次的限制,general,51.41,0.5917,1,v2ex,"poople,unlimited,https,poopleunlimited,做了一个,练习站,没有每天一次的限制,最近在玩","1 signals across v2ex. Top keywords: poople, unlimited, https, poopleunlimited, 做了一个. Need-confidence=0.59.",https://www.v2ex.com/t/1246429,5.09,2.0,9.0,4.5,6.5,3.5,5.2,4.1,4.88,6.0,3.5,3.0,2.0,9.0
50,佬友们阿里云轻量 200M 有没有单线程限速？,general,51.4,0.5181,1,v2ex,"udp,佬友们阿里云轻量,有没有单线程限速,开了轻量,机器,发现上个月到这个月基本都只有,左右的上下行而且几乎贴着,波动","1 signals across v2ex. Top keywords: udp, 佬友们阿里云轻量, 有没有单线程限速, 开了轻量, 机器. Need-confidence=0.52.",https://www.v2ex.com/t/1246433,6.35,2.0,9.0,4.5,6.5,3.5,4.0,4.1,4.88,6.0,3.5,3.0,2.0,9.0
